<?xml version="1.0" encoding="UTF-8" ?>
<?xml-stylesheet type="text/xsl" href="university.xsl"?>

<!DOCTYPE root 
[
  <!ELEMENT root (row+)>
  <!ELEMENT row (name,address, courses+, students+, faculty+)>
  <!ELEMENT name (#PCDATA)>
  <!ELEMENT address (street, city, region, country, zipCode)>
  <!ELEMENT street (#PCDATA)>
  <!ELEMENT city (#PCDATA)>
  <!ELEMENT region (#PCDATA)>
  <!ELEMENT country (#PCDATA)>
  <!ELEMENT zipCode (#PCDATA)>
  <!ELEMENT courses (id, title, description)>
  <!ELEMENT id (#PCDATA)>
  <!ELEMENT title (#PCDATA)>
  <!ELEMENT description (#PCDATA)>
  <!ELEMENT students (id, firstName, lastName, dob, email)>
  <!ELEMENT firstName (#PCDATA)>
  <!ELEMENT lastName (#PCDATA)>
  <!ELEMENT dob (#PCDATA)>
  <!ELEMENT email (#PCDATA)>
  <!ELEMENT faculty (id, firstName, lastName, email, phoneNumber)>
  <!ELEMENT phoneNumber (#PCDATA)>
]>
<root>
  <row>
    <name>Technological University (Lashio)</name>
    <address>
      <street>2090 Veith Junction</street>
      <city>Oxford</city>
      <region>Nova Scotia</region>
      <country>Canada</country>
      <zipCode>K7A</zipCode>
    </address>
    <courses>
      <id>b5aebb3e-73b4-4ef2-85c7-06b6e098212e</id>
      <title>sed ante vivamus</title>
      <description>Integer ac leo. Pellentesque ultrices mattis odio. Donec vitae nisi.</description>
    </courses>
    <courses>
      <id>56996a2a-6443-4e26-8c0c-e72430bd553f</id>
      <title>vel accumsan</title>
      <description>Maecenas tristique, est et tempus semper, est quam pharetra magna, ac consequat metus sapien ut nunc. Vestibulum ante ipsum primis in faucibus orci luctus et ultrices posuere cubilia Curae; Mauris viverra diam vitae quam. Suspendisse potenti.</description>
    </courses>
    <courses>
      <id>021c7522-e8de-4626-95d7-00ca0fa94e86</id>
      <title>ante vivamus tortor</title>
      <description>Morbi non lectus. Aliquam sit amet diam in magna bibendum imperdiet. Nullam orci pede, venenatis non, sodales sed, tincidunt eu, felis.</description>
    </courses>
    <courses>
      <id>af46644a-5906-47f2-b815-cca10450f40f</id>
      <title>sit amet nunc</title>
      <description>Integer ac leo. Pellentesque ultrices mattis odio. Donec vitae nisi.</description>
    </courses>
    <courses>
      <id>cd892900-040d-4c0b-9613-1dcdbfb21ef4</id>
      <title>sollicitudin ut suscipit</title>
      <description>Cras mi pede, malesuada in, imperdiet et, commodo vulputate, justo. In blandit ultrices enim. Lorem ipsum dolor sit amet, consectetuer adipiscing elit.</description>
    </courses>
    <students>
      <id>4e18c3de-df7e-42c6-a450-5443386fcbda</id>
      <firstName>Arlen</firstName>
      <lastName>Wakeham</lastName>
      <dob>2000-06-07</dob>
      <email>awakeham0@surveymonkey.com</email>
    </students>
    <students>
      <id>b6c334a5-2704-4bd7-a7bb-d6f21f1a1fc5</id>
      <firstName>Remington</firstName>
      <lastName>McGroarty</lastName>
      <dob>1995-11-01</dob>
      <email>rmcgroarty1@xinhuanet.com</email>
    </students>
    <students>
      <id>1c3f332f-6c90-4181-ac1f-86eb0b82aaa2</id>
      <firstName>Salmon</firstName>
      <lastName>Farnin</lastName>
      <dob>2001-03-12</dob>
      <email>sfarnin2@merriam-webster.com</email>
    </students>
    <students>
      <id>076de0b1-5518-4bc2-ad1f-fee54ca53b84</id>
      <firstName>Guenna</firstName>
      <lastName>Colebourn</lastName>
      <dob>2000-02-17</dob>
      <email>gcolebourn3@gravatar.com</email>
    </students>
    <students>
      <id>d36830cc-1c0d-4068-8886-dc1d75ac4e5a</id>
      <firstName>Riley</firstName>
      <lastName>Davidavidovics</lastName>
      <dob>1994-10-03</dob>
      <email>rdavidavidovics4@ft.com</email>
    </students>
    <students>
      <id>cde61ab8-6afb-4fed-b51b-4e9bd5db1571</id>
      <firstName>Florry</firstName>
      <lastName>Gilluley</lastName>
      <dob>2001-08-05</dob>
      <email>fgilluley5@microsoft.com</email>
    </students>
    <students>
      <id>9ec9b4a6-24f9-4f46-9a9e-40a5617c97ee</id>
      <firstName>Eustace</firstName>
      <lastName>Kardos</lastName>
      <dob>1996-06-29</dob>
      <email>ekardos6@comcast.net</email>
    </students>
    <faculty>
      <id>32baf3cf-76c5-4805-b1ae-aa4486347226</id>
      <firstName>Sean</firstName>
      <lastName>Holburn</lastName>
      <email>sholburn0@de.vu</email>
      <phoneNumber>779-600-8723</phoneNumber>
    </faculty>
    <faculty>
      <id>78ae15b3-9f72-400b-8e03-c451fd3dbec4</id>
      <firstName>Cobbie</firstName>
      <lastName>Reijmers</lastName>
      <email>creijmers1@uiuc.edu</email>
      <phoneNumber>647-670-6414</phoneNumber>
    </faculty>
    <faculty>
      <id>6aceaf58-c63b-4869-b131-bb493005ea14</id>
      <firstName>Gabrielle</firstName>
      <lastName>Gascone</lastName>
      <email>ggascone2@intel.com</email>
      <phoneNumber>500-987-1258</phoneNumber>
    </faculty>
  </row>
  <row>
    <name>University of Pittsburgh at Bradford</name>
    <address>
      <street>516 Merry Alley</street>
      <city>Washington</city>
      <region>District of Columbia</region>
      <country>United States</country>
      <zipCode>20088</zipCode>
    </address>
    <courses>
      <id>c65b08e2-1bf6-4601-908a-d05375f8cdfe</id>
      <title>montes nascetur ridiculus</title>
      <description>Integer ac leo. Pellentesque ultrices mattis odio. Donec vitae nisi.</description>
    </courses>
    <courses>
      <id>cddd1173-8cf7-4de7-92c0-e17facc360d2</id>
      <title>non</title>
      <description>Maecenas leo odio, condimentum id, luctus nec, molestie sed, justo. Pellentesque viverra pede ac diam. Cras pellentesque volutpat dui.</description>
    </courses>
    <courses>
      <id>4e1d9d33-b73a-493f-ab3e-0f0c9c64f822</id>
      <title>mi nulla ac</title>
      <description>Aliquam quis turpis eget elit sodales scelerisque. Mauris sit amet eros. Suspendisse accumsan tortor quis turpis.</description>
    </courses>
    <courses>
      <id>ac82d99c-bdfd-4f3a-8a31-1647e49d3c56</id>
      <title>duis bibendum felis</title>
      <description>Duis bibendum, felis sed interdum venenatis, turpis enim blandit mi, in porttitor pede justo eu massa. Donec dapibus. Duis at velit eu est congue elementum.</description>
    </courses>
    <courses>
      <id>7d32b94b-bd3f-4152-858e-f32fb0d4c2fd</id>
      <title>pretium</title>
      <description>Vestibulum ac est lacinia nisi venenatis tristique. Fusce congue, diam id ornare imperdiet, sapien urna pretium nisl, ut volutpat sapien arcu sed augue. Aliquam erat volutpat.</description>
    </courses>
    <students>
      <id>110217bf-1204-4e63-9167-981e60845b7c</id>
      <firstName>Shane</firstName>
      <lastName>Lavell</lastName>
      <dob>1999-09-12</dob>
      <email>slavell0@samsung.com</email>
    </students>
    <students>
      <id>d7099a60-3803-4a5f-9d78-9b57d7283f52</id>
      <firstName>Dominique</firstName>
      <lastName>Kadwallider</lastName>
      <dob>2001-06-28</dob>
      <email>dkadwallider1@google.ca</email>
    </students>
    <students>
      <id>0b1d702c-e27f-4dd8-a044-3e265a43445c</id>
      <firstName>Jonah</firstName>
      <lastName>Grammer</lastName>
      <dob>1991-10-07</dob>
      <email>jgrammer2@elegantthemes.com</email>
    </students>
    <students>
      <id>baedf9ed-bb79-45be-a15b-da09c1a847a8</id>
      <firstName>Clo</firstName>
      <lastName>Holby</lastName>
      <dob>1999-01-23</dob>
      <email>cholby3@msn.com</email>
    </students>
    <students>
      <id>a0c69ec8-787d-4be3-9c8d-785a477d77ef</id>
      <firstName>Angeli</firstName>
      <lastName>Faveryear</lastName>
      <dob>1993-12-07</dob>
      <email>afaveryear4@etsy.com</email>
    </students>
    <students>
      <id>38e69a42-66e6-4672-93b2-5b04e6a4bd77</id>
      <firstName>Hermione</firstName>
      <lastName>Dawton</lastName>
      <dob>1991-12-15</dob>
      <email>hdawton5@soup.io</email>
    </students>
    <students>
      <id>f20120a7-ae7f-486e-a6bd-b9bbaecc4104</id>
      <firstName>Kimberly</firstName>
      <lastName>Godart</lastName>
      <dob>1999-07-06</dob>
      <email>kgodart6@wired.com</email>
    </students>
    <faculty>
      <id>245d8450-5745-457a-9e7b-735989f06d5c</id>
      <firstName>Mickie</firstName>
      <lastName>Geratt</lastName>
      <email>mgeratt0@wiley.com</email>
      <phoneNumber>631-336-8663</phoneNumber>
    </faculty>
    <faculty>
      <id>59886624-4cfc-4d24-9ca7-1f3650e17943</id>
      <firstName>Armando</firstName>
      <lastName>Osant</lastName>
      <email>aosant1@sphinn.com</email>
      <phoneNumber>828-614-5479</phoneNumber>
    </faculty>
    <faculty>
      <id>ae37528a-83b1-4b88-a2f7-9480ebdf579d</id>
      <firstName>Mart</firstName>
      <lastName>Wall</lastName>
      <email>mwall2@domainmarket.com</email>
      <phoneNumber>852-952-1296</phoneNumber>
    </faculty>
  </row>
  <row>
    <name>School of Design and Crafts</name>
    <address>
      <street>7 Valley Edge Parkway</street>
      <city>Pasadena</city>
      <region>California</region>
      <country>United States</country>
      <zipCode>91199</zipCode>
    </address>
    <courses>
      <id>9f5ba6bf-0413-4991-8f77-fa2256174879</id>
      <title>nibh quisque</title>
      <description>Proin eu mi. Nulla ac enim. In tempor, turpis nec euismod scelerisque, quam turpis adipiscing lorem, vitae mattis nibh ligula nec sem.</description>
    </courses>
    <courses>
      <id>c4d985a9-7985-4ab2-b349-dccd685cb541</id>
      <title>a pede</title>
      <description>Sed ante. Vivamus tortor. Duis mattis egestas metus.</description>
    </courses>
    <courses>
      <id>d12c4178-24a5-468f-9859-49018b6483f8</id>
      <title>nec nisi</title>
      <description>In hac habitasse platea dictumst. Etiam faucibus cursus urna. Ut tellus.</description>
    </courses>
    <courses>
      <id>b73c4e18-1a52-43d0-8a97-7b8fd53a25f3</id>
      <title>iaculis justo in</title>
      <description>In congue. Etiam justo. Etiam pretium iaculis justo.</description>
    </courses>
    <courses>
      <id>12b25f2e-28fb-492a-b33f-6251bfdf4bc6</id>
      <title>morbi odio</title>
      <description>Nam ultrices, libero non mattis pulvinar, nulla pede ullamcorper augue, a suscipit nulla elit ac nulla. Sed vel enim sit amet nunc viverra dapibus. Nulla suscipit ligula in lacus.</description>
    </courses>
    <students>
      <id>d4366135-1bbf-43ee-8c47-aa9b85acca3f</id>
      <firstName>Bevon</firstName>
      <lastName>Wilderspoon</lastName>
      <dob>1997-11-13</dob>
      <email>bwilderspoon0@webs.com</email>
    </students>
    <students>
      <id>e5d4a1c2-8f8e-4bfa-ab34-e2305cb0ffa2</id>
      <firstName>Tiffany</firstName>
      <lastName>Brouwer</lastName>
      <dob>1991-10-24</dob>
      <email>tbrouwer1@webmd.com</email>
    </students>
    <students>
      <id>db76f6e9-ba29-4eb2-ac19-50afc77e857b</id>
      <firstName>Ronda</firstName>
      <lastName>Call</lastName>
      <dob>1995-02-13</dob>
      <email>rcall2@china.com.cn</email>
    </students>
    <students>
      <id>f3eddc04-6ea8-4340-b1da-bf921bf59a6e</id>
      <firstName>Kacy</firstName>
      <lastName>Glacken</lastName>
      <dob>1998-01-24</dob>
      <email>kglacken3@sourceforge.net</email>
    </students>
    <students>
      <id>b24c6ad3-3161-4b57-8bb4-064661a94daa</id>
      <firstName>Lesli</firstName>
      <lastName>Sturm</lastName>
      <dob>1994-03-25</dob>
      <email>lsturm4@blog.com</email>
    </students>
    <students>
      <id>1f2b72ea-8a80-444c-a667-cee74bcb6eca</id>
      <firstName>Prue</firstName>
      <lastName>Coils</lastName>
      <dob>1997-11-30</dob>
      <email>pcoils5@ted.com</email>
    </students>
    <students>
      <id>c5bb7f87-b7bd-4ddc-ad0e-a73b4b01b686</id>
      <firstName>Ave</firstName>
      <lastName>Mateja</lastName>
      <dob>1993-06-07</dob>
      <email>amateja6@narod.ru</email>
    </students>
    <faculty>
      <id>9ac119c3-5cf4-4856-8537-3afdfc69485c</id>
      <firstName>Lissy</firstName>
      <lastName>Hovenden</lastName>
      <email>lhovenden0@bloglines.com</email>
      <phoneNumber>792-490-3083</phoneNumber>
    </faculty>
    <faculty>
      <id>244f3d62-45a4-4a64-bd24-27ecd9dd34a5</id>
      <firstName>Brig</firstName>
      <lastName>Bowman</lastName>
      <email>bbowman1@squarespace.com</email>
      <phoneNumber>679-740-8179</phoneNumber>
    </faculty>
    <faculty>
      <id>0bf12f14-7588-4ac5-b544-c4718132841d</id>
      <firstName>Bette</firstName>
      <lastName>Tuny</lastName>
      <email>btuny2@reuters.com</email>
      <phoneNumber>164-516-0424</phoneNumber>
    </faculty>
  </row>
  <row>
    <name>Arizona State University</name>
    <address>
      <street>31298 Merrick Junction</street>
      <city>Sioux City</city>
      <region>Iowa</region>
      <country>United States</country>
      <zipCode>51105</zipCode>
    </address>
    <courses>
      <id>4e45777d-a2a8-44f4-9e18-443aebbf1103</id>
      <title>luctus</title>
      <description>Morbi porttitor lorem id ligula. Suspendisse ornare consequat lectus. In est risus, auctor sed, tristique in, tempus sit amet, sem.</description>
    </courses>
    <courses>
      <id>295d6c84-16fe-4be1-acf0-2c4d413d0d21</id>
      <title>nulla neque</title>
      <description>Morbi non lectus. Aliquam sit amet diam in magna bibendum imperdiet. Nullam orci pede, venenatis non, sodales sed, tincidunt eu, felis.</description>
    </courses>
    <courses>
      <id>2c751758-11a7-4e1d-9f7a-1e1b55b9e6f1</id>
      <title>ridiculus</title>
      <description>Fusce posuere felis sed lacus. Morbi sem mauris, laoreet ut, rhoncus aliquet, pulvinar sed, nisl. Nunc rhoncus dui vel sem.</description>
    </courses>
    <courses>
      <id>eab30231-d9cb-4490-86d0-d37fd726b78f</id>
      <title>sem</title>
      <description>Phasellus sit amet erat. Nulla tempus. Vivamus in felis eu sapien cursus vestibulum.</description>
    </courses>
    <courses>
      <id>0dee64b1-2246-4517-bf6c-3ed256e5650b</id>
      <title>vulputate ut</title>
      <description>In sagittis dui vel nisl. Duis ac nibh. Fusce lacus purus, aliquet at, feugiat non, pretium quis, lectus.</description>
    </courses>
    <students>
      <id>87507099-6a33-43e4-925c-832e759497fb</id>
      <firstName>Leah</firstName>
      <lastName>Parlett</lastName>
      <dob>1994-10-23</dob>
      <email>lparlett0@exblog.jp</email>
    </students>
    <students>
      <id>e5645d70-83b2-47ca-93c5-fe2bbcc75187</id>
      <firstName>Hildagarde</firstName>
      <lastName>Velasquez</lastName>
      <dob>1996-05-15</dob>
      <email>hvelasquez1@foxnews.com</email>
    </students>
    <students>
      <id>fddbc324-3260-4a22-a3bc-0bb246a206f2</id>
      <firstName>Rollin</firstName>
      <lastName>Albany</lastName>
      <dob>1990-04-23</dob>
      <email>ralbany2@yolasite.com</email>
    </students>
    <students>
      <id>4a70a2bd-d6b6-400e-8b6a-be3cbab01f9b</id>
      <firstName>Dael</firstName>
      <lastName>Nacci</lastName>
      <dob>1991-08-21</dob>
      <email>dnacci3@seesaa.net</email>
    </students>
    <students>
      <id>f0a77b61-5c74-4bab-80a0-124e471825fe</id>
      <firstName>Janelle</firstName>
      <lastName>Meritt</lastName>
      <dob>2001-04-08</dob>
      <email>jmeritt4@diigo.com</email>
    </students>
    <students>
      <id>800e9702-f190-4fdf-84fc-f895258d9243</id>
      <firstName>Elvyn</firstName>
      <lastName>Shaw</lastName>
      <dob>1992-07-09</dob>
      <email>eshaw5@plala.or.jp</email>
    </students>
    <students>
      <id>f62e7ec3-3118-444e-9c66-186f1039de71</id>
      <firstName>Akim</firstName>
      <lastName>Middup</lastName>
      <dob>1996-04-16</dob>
      <email>amiddup6@microsoft.com</email>
    </students>
    <faculty>
      <id>f22e701c-fcd6-4cd9-982a-40dfd57ba30e</id>
      <firstName>Obadiah</firstName>
      <lastName>Itzkowicz</lastName>
      <email>oitzkowicz0@msn.com</email>
      <phoneNumber>435-801-0928</phoneNumber>
    </faculty>
    <faculty>
      <id>29a3bd51-6936-4c3c-b596-2474d91b3c73</id>
      <firstName>Lilla</firstName>
      <lastName>Synan</lastName>
      <email>lsynan1@symantec.com</email>
      <phoneNumber>996-541-6142</phoneNumber>
    </faculty>
    <faculty>
      <id>8f129a2a-6c98-46f8-8d50-c3fd9e6e4c1c</id>
      <firstName>Rosaleen</firstName>
      <lastName>Woollacott</lastName>
      <email>rwoollacott2@addtoany.com</email>
      <phoneNumber>623-648-2730</phoneNumber>
    </faculty>
  </row>
  <row>
    <name>International Medical &amp; Technological University</name>
    <address>
      <street>1 Luster Terrace</street>
      <city>Anchorage</city>
      <region>Alaska</region>
      <country>United States</country>
      <zipCode>99522</zipCode>
    </address>
    <courses>
      <id>5ad46d0e-ea42-4479-b743-60baa30c2419</id>
      <title>ipsum</title>
      <description>Quisque id justo sit amet sapien dignissim vestibulum. Vestibulum ante ipsum primis in faucibus orci luctus et ultrices posuere cubilia Curae; Nulla dapibus dolor vel est. Donec odio justo, sollicitudin ut, suscipit a, feugiat et, eros.</description>
    </courses>
    <courses>
      <id>14f9af4e-5ea3-49b7-912c-694f9e325bf3</id>
      <title>luctus et</title>
      <description>Duis consequat dui nec nisi volutpat eleifend. Donec ut dolor. Morbi vel lectus in quam fringilla rhoncus.</description>
    </courses>
    <courses>
      <id>bba63762-a1bc-40d4-b171-8d4a6772c991</id>
      <title>odio consequat</title>
      <description>Quisque id justo sit amet sapien dignissim vestibulum. Vestibulum ante ipsum primis in faucibus orci luctus et ultrices posuere cubilia Curae; Nulla dapibus dolor vel est. Donec odio justo, sollicitudin ut, suscipit a, feugiat et, eros.</description>
    </courses>
    <courses>
      <id>64314462-2f3e-44b8-ab91-e8f05d470cc5</id>
      <title>leo</title>
      <description>In sagittis dui vel nisl. Duis ac nibh. Fusce lacus purus, aliquet at, feugiat non, pretium quis, lectus.</description>
    </courses>
    <courses>
      <id>10a7c3db-f0d1-4ace-88bf-a28884320f07</id>
      <title>cras</title>
      <description>Phasellus sit amet erat. Nulla tempus. Vivamus in felis eu sapien cursus vestibulum.</description>
    </courses>
    <students>
      <id>2ac62641-3e62-4f50-8483-e31c5f836d66</id>
      <firstName>Wallis</firstName>
      <lastName>Januszkiewicz</lastName>
      <dob>1994-02-10</dob>
      <email>wjanuszkiewicz0@rakuten.co.jp</email>
    </students>
    <students>
      <id>50b75415-c1eb-49e9-9608-aa2823509fd7</id>
      <firstName>Waneta</firstName>
      <lastName>Bohan</lastName>
      <dob>1996-05-18</dob>
      <email>wbohan1@npr.org</email>
    </students>
    <students>
      <id>dd1745ca-8430-4819-aac8-d4d8df30b297</id>
      <firstName>Amber</firstName>
      <lastName>Souten</lastName>
      <dob>1998-03-09</dob>
      <email>asouten2@microsoft.com</email>
    </students>
    <students>
      <id>51a37ca5-0e60-4c6f-8aa8-5f6803be3d23</id>
      <firstName>Freddie</firstName>
      <lastName>Thistleton</lastName>
      <dob>1994-02-22</dob>
      <email>fthistleton3@alibaba.com</email>
    </students>
    <students>
      <id>4af55289-bf0d-43df-b8d7-4604c39b37cb</id>
      <firstName>Valle</firstName>
      <lastName>Baudin</lastName>
      <dob>1999-10-07</dob>
      <email>vbaudin4@paypal.com</email>
    </students>
    <students>
      <id>41fbe07c-16da-4cdb-beb2-b4fff968c59f</id>
      <firstName>Regan</firstName>
      <lastName>Knibley</lastName>
      <dob>1998-12-06</dob>
      <email>rknibley5@alexa.com</email>
    </students>
    <students>
      <id>e11fa074-dd6c-4a12-9d7c-4a34ef0718e7</id>
      <firstName>Delinda</firstName>
      <lastName>Smitherham</lastName>
      <dob>1991-01-07</dob>
      <email>dsmitherham6@blogtalkradio.com</email>
    </students>
    <faculty>
      <id>8b943f66-7cf8-4e3c-bc52-12fba0131775</id>
      <firstName>Colin</firstName>
      <lastName>Imms</lastName>
      <email>cimms0@europa.eu</email>
      <phoneNumber>658-725-1208</phoneNumber>
    </faculty>
    <faculty>
      <id>2c50167a-494e-4d52-849f-532956d9b1c5</id>
      <firstName>Corinna</firstName>
      <lastName>Durker</lastName>
      <email>cdurker1@shutterfly.com</email>
      <phoneNumber>169-124-5547</phoneNumber>
    </faculty>
    <faculty>
      <id>8e663ce2-a017-42e9-842e-b4fe2f4c3211</id>
      <firstName>Gabbie</firstName>
      <lastName>Preble</lastName>
      <email>gpreble2@hexun.com</email>
      <phoneNumber>329-701-5276</phoneNumber>
    </faculty>
  </row>
  <row>
    <name>Academy of Music &#x27;Georghe Dima&#x27; Cluj-Napoca</name>
    <address>
      <street>968 School Court</street>
      <city>Newmarket</city>
      <region>Ontario</region>
      <country>Canada</country>
      <zipCode>L9N</zipCode>
    </address>
    <courses>
      <id>db754ab0-09a8-42ce-a55f-a12aa2a2b392</id>
      <title>id lobortis convallis</title>
      <description>Duis aliquam convallis nunc. Proin at turpis a pede posuere nonummy. Integer non velit.</description>
    </courses>
    <courses>
      <id>ccfe64d8-2528-40a6-9884-aae32e6b9cd5</id>
      <title>ac tellus semper</title>
      <description>Duis bibendum, felis sed interdum venenatis, turpis enim blandit mi, in porttitor pede justo eu massa. Donec dapibus. Duis at velit eu est congue elementum.</description>
    </courses>
    <courses>
      <id>52abf0c0-f74c-457d-affb-91bcef049b17</id>
      <title>aliquet</title>
      <description>Proin leo odio, porttitor id, consequat in, consequat ut, nulla. Sed accumsan felis. Ut at dolor quis odio consequat varius.</description>
    </courses>
    <courses>
      <id>acc66ac2-7169-4257-bab8-ac0d052ac0f0</id>
      <title>interdum venenatis</title>
      <description>Praesent id massa id nisl venenatis lacinia. Aenean sit amet justo. Morbi ut odio.</description>
    </courses>
    <courses>
      <id>557556b8-117e-44a1-99e6-a12a20ab9d61</id>
      <title>donec</title>
      <description>Mauris enim leo, rhoncus sed, vestibulum sit amet, cursus id, turpis. Integer aliquet, massa id lobortis convallis, tortor risus dapibus augue, vel accumsan tellus nisi eu orci. Mauris lacinia sapien quis libero.</description>
    </courses>
    <students>
      <id>9e85c191-4cf2-429c-b9c4-8fe60bc81ec4</id>
      <firstName>Mellisent</firstName>
      <lastName>Collaton</lastName>
      <dob>1997-01-30</dob>
      <email>mcollaton0@pcworld.com</email>
    </students>
    <students>
      <id>7444b1b2-ccb3-4db2-a06d-547c97cb8388</id>
      <firstName>Roley</firstName>
      <lastName>Saph</lastName>
      <dob>1997-01-12</dob>
      <email>rsaph1@jalbum.net</email>
    </students>
    <students>
      <id>72d82250-474c-4df2-9f49-20189a2df0bf</id>
      <firstName>Pammi</firstName>
      <lastName>Goundry</lastName>
      <dob>1996-06-28</dob>
      <email>pgoundry2@dropbox.com</email>
    </students>
    <students>
      <id>cf1b4e8f-1a47-4871-a189-55e94382110c</id>
      <firstName>Everard</firstName>
      <lastName>O&#x27;Brollachain</lastName>
      <dob>1993-11-24</dob>
      <email>eobrollachain3@buzzfeed.com</email>
    </students>
    <students>
      <id>a3ab174c-ca73-493c-9847-07ff4ab1b10b</id>
      <firstName>Max</firstName>
      <lastName>Boydell</lastName>
      <dob>1994-11-11</dob>
      <email>mboydell4@canalblog.com</email>
    </students>
    <students>
      <id>4596e170-985c-4a9b-8f80-ef6362c51566</id>
      <firstName>Kerrin</firstName>
      <lastName>Hordle</lastName>
      <dob>1990-11-24</dob>
      <email>khordle5@amazon.co.jp</email>
    </students>
    <students>
      <id>af5d9749-0929-4035-b269-b8a68308b200</id>
      <firstName>Netti</firstName>
      <lastName>Missen</lastName>
      <dob>1995-04-29</dob>
      <email>nmissen6@alexa.com</email>
    </students>
    <faculty>
      <id>626bf38f-e162-4aae-9f3d-c302032adba3</id>
      <firstName>Codi</firstName>
      <lastName>Tigwell</lastName>
      <email>ctigwell0@vistaprint.com</email>
      <phoneNumber>336-688-4980</phoneNumber>
    </faculty>
    <faculty>
      <id>c365ec20-c931-448e-9322-2583a4fd5d10</id>
      <firstName>Christophe</firstName>
      <lastName>Lazare</lastName>
      <email>clazare1@webmd.com</email>
      <phoneNumber>682-773-0856</phoneNumber>
    </faculty>
    <faculty>
      <id>2354a191-c171-4761-aeed-b5afa2d461d6</id>
      <firstName>Johnathon</firstName>
      <lastName>Tissier</lastName>
      <email>jtissier2@lycos.com</email>
      <phoneNumber>499-107-7677</phoneNumber>
    </faculty>
  </row>
  <row>
    <name>Free University Amsterdam</name>
    <address>
      <street>236 Acker Place</street>
      <city>Washington</city>
      <region>District of Columbia</region>
      <country>United States</country>
      <zipCode>20566</zipCode>
    </address>
    <courses>
      <id>2540973c-98e3-44ec-bdb4-92478f932f47</id>
      <title>quisque id</title>
      <description>Mauris enim leo, rhoncus sed, vestibulum sit amet, cursus id, turpis. Integer aliquet, massa id lobortis convallis, tortor risus dapibus augue, vel accumsan tellus nisi eu orci. Mauris lacinia sapien quis libero.</description>
    </courses>
    <courses>
      <id>4de103b8-42e4-4d82-858f-d16376dfbc27</id>
      <title>accumsan tortor quis</title>
      <description>Maecenas ut massa quis augue luctus tincidunt. Nulla mollis molestie lorem. Quisque ut erat.</description>
    </courses>
    <courses>
      <id>d93d2243-bac7-4f92-8cfb-ae6fff40dd80</id>
      <title>blandit ultrices enim</title>
      <description>Integer tincidunt ante vel ipsum. Praesent blandit lacinia erat. Vestibulum sed magna at nunc commodo placerat.</description>
    </courses>
    <courses>
      <id>e67e5b1b-0f60-4479-b394-79d18b0e0d3a</id>
      <title>ultrices posuere</title>
      <description>Nulla ut erat id mauris vulputate elementum. Nullam varius. Nulla facilisi.</description>
    </courses>
    <courses>
      <id>d4ca4948-e6b5-4cc2-af8a-bf30a3240d44</id>
      <title>neque</title>
      <description>Aliquam quis turpis eget elit sodales scelerisque. Mauris sit amet eros. Suspendisse accumsan tortor quis turpis.</description>
    </courses>
    <students>
      <id>2723f0dd-925b-43f8-97f7-2858af039271</id>
      <firstName>Asher</firstName>
      <lastName>Legier</lastName>
      <dob>1998-11-29</dob>
      <email>alegier0@networkadvertising.org</email>
    </students>
    <students>
      <id>4197f7c9-0de6-475b-a0cb-14601424ed25</id>
      <firstName>Hershel</firstName>
      <lastName>Eagers</lastName>
      <dob>2000-12-15</dob>
      <email>heagers1@flavors.me</email>
    </students>
    <students>
      <id>eea7f4db-a99b-4a53-98f4-c7830c47f12f</id>
      <firstName>Carlie</firstName>
      <lastName>Chasmor</lastName>
      <dob>1998-08-30</dob>
      <email>cchasmor2@stanford.edu</email>
    </students>
    <students>
      <id>f6e609d2-3d8f-4237-a8c8-927ad1fbede6</id>
      <firstName>Gustav</firstName>
      <lastName>Fagg</lastName>
      <dob>1998-04-17</dob>
      <email>gfagg3@themeforest.net</email>
    </students>
    <students>
      <id>ca2ffc11-c5b8-4634-877e-9b1898862a01</id>
      <firstName>Marji</firstName>
      <lastName>Cosins</lastName>
      <dob>1992-10-16</dob>
      <email>mcosins4@uiuc.edu</email>
    </students>
    <students>
      <id>1fe22ddb-0a92-4d45-b7c2-19233413ee0b</id>
      <firstName>Anne</firstName>
      <lastName>Vicarey</lastName>
      <dob>1998-05-17</dob>
      <email>avicarey5@uiuc.edu</email>
    </students>
    <students>
      <id>d2f2f260-b985-4e1b-8e13-5001c4ecb651</id>
      <firstName>Moselle</firstName>
      <lastName>Branscombe</lastName>
      <dob>1998-10-29</dob>
      <email>mbranscombe6@economist.com</email>
    </students>
    <faculty>
      <id>c1d42af7-9885-4f82-b82c-799797b6e211</id>
      <firstName>Chrotoem</firstName>
      <lastName>Gooderidge</lastName>
      <email>cgooderidge0@studiopress.com</email>
      <phoneNumber>816-108-2462</phoneNumber>
    </faculty>
    <faculty>
      <id>b9ba0340-1070-4259-adbf-33f8893c7ce5</id>
      <firstName>Jone</firstName>
      <lastName>Lamberton</lastName>
      <email>jlamberton1@furl.net</email>
      <phoneNumber>117-419-4147</phoneNumber>
    </faculty>
    <faculty>
      <id>ce8989f4-9bc6-46ea-a780-747827d11efc</id>
      <firstName>George</firstName>
      <lastName>MacTague</lastName>
      <email>gmactague2@shutterfly.com</email>
      <phoneNumber>423-871-9987</phoneNumber>
    </faculty>
  </row>
  <row>
    <name>Okinawa University</name>
    <address>
      <street>059 Forest Dale Street</street>
      <city>Washington</city>
      <region>District of Columbia</region>
      <country>United States</country>
      <zipCode>20380</zipCode>
    </address>
    <courses>
      <id>66c624ea-2a68-4918-989a-51525eb80525</id>
      <title>vestibulum</title>
      <description>Duis bibendum. Morbi non quam nec dui luctus rutrum. Nulla tellus.</description>
    </courses>
    <courses>
      <id>e13391b6-b576-4122-99bc-94f6cdee7c1c</id>
      <title>rutrum neque aenean</title>
      <description>In sagittis dui vel nisl. Duis ac nibh. Fusce lacus purus, aliquet at, feugiat non, pretium quis, lectus.</description>
    </courses>
    <courses>
      <id>4c5e661f-fd77-4497-9546-464da9afcd80</id>
      <title>rhoncus aliquam</title>
      <description>Cum sociis natoque penatibus et magnis dis parturient montes, nascetur ridiculus mus. Vivamus vestibulum sagittis sapien. Cum sociis natoque penatibus et magnis dis parturient montes, nascetur ridiculus mus.</description>
    </courses>
    <courses>
      <id>729ee5ed-b50e-459f-86d3-44b415e0a2b2</id>
      <title>adipiscing elit</title>
      <description>Fusce posuere felis sed lacus. Morbi sem mauris, laoreet ut, rhoncus aliquet, pulvinar sed, nisl. Nunc rhoncus dui vel sem.</description>
    </courses>
    <courses>
      <id>2800e891-f1e8-4e18-a914-58bc90c5c2d0</id>
      <title>mauris</title>
      <description>Fusce consequat. Nulla nisl. Nunc nisl.</description>
    </courses>
    <students>
      <id>5738a259-28f1-44e8-b9cc-768173f84258</id>
      <firstName>Randa</firstName>
      <lastName>Meere</lastName>
      <dob>1999-12-28</dob>
      <email>rmeere0@blinklist.com</email>
    </students>
    <students>
      <id>b568f13f-2bcd-4c30-a73e-2133af9fdd04</id>
      <firstName>Vivianne</firstName>
      <lastName>Djurisic</lastName>
      <dob>1993-06-22</dob>
      <email>vdjurisic1@phpbb.com</email>
    </students>
    <students>
      <id>880f86c3-8b83-4f43-9ca7-aef73eb6e3b2</id>
      <firstName>Alyda</firstName>
      <lastName>Boor</lastName>
      <dob>1993-07-11</dob>
      <email>aboor2@yellowbook.com</email>
    </students>
    <students>
      <id>3831ef13-033f-4fbd-a254-f08f1ce142b5</id>
      <firstName>Berty</firstName>
      <lastName>Creavan</lastName>
      <dob>1991-03-19</dob>
      <email>bcreavan3@oaic.gov.au</email>
    </students>
    <students>
      <id>bfbaebc9-b0de-4e5c-817c-3fd61fa0d5b3</id>
      <firstName>Pavlov</firstName>
      <lastName>Mulrean</lastName>
      <dob>1991-06-10</dob>
      <email>pmulrean4@discovery.com</email>
    </students>
    <students>
      <id>d022f215-02c9-43ea-a24b-21bdf7740a25</id>
      <firstName>Aldridge</firstName>
      <lastName>Venner</lastName>
      <dob>1994-08-14</dob>
      <email>avenner5@dagondesign.com</email>
    </students>
    <students>
      <id>7a8bc74d-4a99-4466-a0fe-81eacc52707a</id>
      <firstName>Ellene</firstName>
      <lastName>Matussevich</lastName>
      <dob>1997-04-05</dob>
      <email>ematussevich6@indiatimes.com</email>
    </students>
    <faculty>
      <id>da52c879-7f77-45d0-baac-2481d29c7717</id>
      <firstName>Ronnie</firstName>
      <lastName>Villiers</lastName>
      <email>rvilliers0@slideshare.net</email>
      <phoneNumber>510-671-4308</phoneNumber>
    </faculty>
    <faculty>
      <id>43c09313-ad8b-40a5-a895-a2e11123ac70</id>
      <firstName>Coletta</firstName>
      <lastName>Hiorn</lastName>
      <email>chiorn1@eepurl.com</email>
      <phoneNumber>119-397-9039</phoneNumber>
    </faculty>
    <faculty>
      <id>80b6b966-d139-43d5-95b6-292ffc20e9c5</id>
      <firstName>Thurston</firstName>
      <lastName>Barday</lastName>
      <email>tbarday2@taobao.com</email>
      <phoneNumber>198-360-4684</phoneNumber>
    </faculty>
  </row>
  <row>
    <name>Toyama University</name>
    <address>
      <street>5743 Harper Lane</street>
      <city>Houston</city>
      <region>Texas</region>
      <country>United States</country>
      <zipCode>77090</zipCode>
    </address>
    <courses>
      <id>d2182e16-6416-4147-b6d9-6475a7b5de66</id>
      <title>ultrices vel augue</title>
      <description>Curabitur at ipsum ac tellus semper interdum. Mauris ullamcorper purus sit amet nulla. Quisque arcu libero, rutrum ac, lobortis vel, dapibus at, diam.</description>
    </courses>
    <courses>
      <id>4247b51c-2249-4fbc-9dab-7ab6ddf16cd6</id>
      <title>mauris ullamcorper purus</title>
      <description>Nullam sit amet turpis elementum ligula vehicula consequat. Morbi a ipsum. Integer a nibh.</description>
    </courses>
    <courses>
      <id>588263d4-f261-467a-a452-f6b4cf44fb8f</id>
      <title>congue vivamus metus</title>
      <description>Proin interdum mauris non ligula pellentesque ultrices. Phasellus id sapien in sapien iaculis congue. Vivamus metus arcu, adipiscing molestie, hendrerit at, vulputate vitae, nisl.</description>
    </courses>
    <courses>
      <id>d2ae8c6b-9b53-4523-9c1a-37aa3d2cdbcd</id>
      <title>mauris</title>
      <description>Aenean lectus. Pellentesque eget nunc. Donec quis orci eget orci vehicula condimentum.</description>
    </courses>
    <courses>
      <id>b67c9aa8-4e1c-493a-9ef5-bc52296cd542</id>
      <title>in</title>
      <description>Duis consequat dui nec nisi volutpat eleifend. Donec ut dolor. Morbi vel lectus in quam fringilla rhoncus.</description>
    </courses>
    <students>
      <id>f91d14f5-f901-4fe3-a37a-5ffe4068a3c3</id>
      <firstName>Olivia</firstName>
      <lastName>Karlowicz</lastName>
      <dob>1998-05-03</dob>
      <email>okarlowicz0@amazon.de</email>
    </students>
    <students>
      <id>4f5d1acd-f4d6-4690-bb03-7cfeabda595a</id>
      <firstName>Phebe</firstName>
      <lastName>McEneny</lastName>
      <dob>1990-06-17</dob>
      <email>pmceneny1@bbb.org</email>
    </students>
    <students>
      <id>34f0c408-dc8a-4bcf-b276-3bb7c87f494c</id>
      <firstName>Rosanne</firstName>
      <lastName>Maclaine</lastName>
      <dob>1997-02-26</dob>
      <email>rmaclaine2@ft.com</email>
    </students>
    <students>
      <id>9753e2c6-786b-497d-8582-1238159841fc</id>
      <firstName>Merrielle</firstName>
      <lastName>Wagnerin</lastName>
      <dob>1994-08-22</dob>
      <email>mwagnerin3@businessweek.com</email>
    </students>
    <students>
      <id>f45205d8-d3d4-4133-aa00-e60b55286f03</id>
      <firstName>Dill</firstName>
      <lastName>Bedin</lastName>
      <dob>1996-07-03</dob>
      <email>dbedin4@statcounter.com</email>
    </students>
    <students>
      <id>db3e3924-5768-4e55-87e0-1de5edeb3182</id>
      <firstName>Dewitt</firstName>
      <lastName>Jedrysik</lastName>
      <dob>2000-06-17</dob>
      <email>djedrysik5@ibm.com</email>
    </students>
    <students>
      <id>29e30ebe-7c6b-4c3d-888d-92d509962af0</id>
      <firstName>Ros</firstName>
      <lastName>Ascraft</lastName>
      <dob>2000-09-12</dob>
      <email>rascraft6@blogtalkradio.com</email>
    </students>
    <faculty>
      <id>a429dba0-da58-4ade-ba3f-b1db3cd231ea</id>
      <firstName>Winnifred</firstName>
      <lastName>French</lastName>
      <email>wfrench0@nymag.com</email>
      <phoneNumber>397-676-6146</phoneNumber>
    </faculty>
    <faculty>
      <id>e5acb3a7-8737-42f7-87e5-c57620ecb48b</id>
      <firstName>Galven</firstName>
      <lastName>Buche</lastName>
      <email>gbuche1@purevolume.com</email>
      <phoneNumber>835-194-4193</phoneNumber>
    </faculty>
    <faculty>
      <id>ccfcb814-983d-4dae-82d0-6a04499287e5</id>
      <firstName>Addia</firstName>
      <lastName>Ambroix</lastName>
      <email>aambroix2@comcast.net</email>
      <phoneNumber>186-819-8249</phoneNumber>
    </faculty>
  </row>
  <row>
    <name>Sami Shamoon College of Engineering</name>
    <address>
      <street>18319 Cody Plaza</street>
      <city>Les Coteaux</city>
      <region>Québec</region>
      <country>Canada</country>
      <zipCode>J7X</zipCode>
    </address>
    <courses>
      <id>4bcd2266-47de-4857-b83d-a85bba72f5cb</id>
      <title>vestibulum ante</title>
      <description>Cras mi pede, malesuada in, imperdiet et, commodo vulputate, justo. In blandit ultrices enim. Lorem ipsum dolor sit amet, consectetuer adipiscing elit.</description>
    </courses>
    <courses>
      <id>81b7b4ed-a742-4b02-bbba-20ef2da3792d</id>
      <title>nonummy maecenas</title>
      <description>Fusce consequat. Nulla nisl. Nunc nisl.</description>
    </courses>
    <courses>
      <id>d4afd67d-3dfd-4425-8ed6-f64882a108df</id>
      <title>etiam pretium</title>
      <description>Nullam porttitor lacus at turpis. Donec posuere metus vitae ipsum. Aliquam non mauris.</description>
    </courses>
    <courses>
      <id>409f3127-3957-4da1-b95d-2d500484898c</id>
      <title>cras</title>
      <description>Integer tincidunt ante vel ipsum. Praesent blandit lacinia erat. Vestibulum sed magna at nunc commodo placerat.</description>
    </courses>
    <courses>
      <id>c54e4c31-990b-490d-91f4-a890a6588621</id>
      <title>potenti cras</title>
      <description>Praesent blandit. Nam nulla. Integer pede justo, lacinia eget, tincidunt eget, tempus vel, pede.</description>
    </courses>
    <students>
      <id>fae85abe-2862-415b-8af0-5cdba679541c</id>
      <firstName>Fiorenze</firstName>
      <lastName>Simmings</lastName>
      <dob>1998-03-17</dob>
      <email>fsimmings0@dagondesign.com</email>
    </students>
    <students>
      <id>ee31df5f-4c98-4ef6-87d7-ef5eaf8ea1b4</id>
      <firstName>Kanya</firstName>
      <lastName>Deave</lastName>
      <dob>1993-08-27</dob>
      <email>kdeave1@microsoft.com</email>
    </students>
    <students>
      <id>24b0a28f-a3c4-4ac9-b7c9-739709199127</id>
      <firstName>Courtenay</firstName>
      <lastName>Tilston</lastName>
      <dob>1996-03-21</dob>
      <email>ctilston2@slideshare.net</email>
    </students>
    <students>
      <id>fac4b6e5-b954-438c-ac8d-211ab138f7bf</id>
      <firstName>Germaine</firstName>
      <lastName>Carrigan</lastName>
      <dob>1997-12-01</dob>
      <email>gcarrigan3@icio.us</email>
    </students>
    <students>
      <id>5e908374-99cb-482b-9ed0-311d30f6e599</id>
      <firstName>Rosemary</firstName>
      <lastName>Hayward</lastName>
      <dob>1993-01-20</dob>
      <email>rhayward4@nih.gov</email>
    </students>
    <students>
      <id>cd5b0620-d01e-48d6-8df2-265d49627e51</id>
      <firstName>Warren</firstName>
      <lastName>Howels</lastName>
      <dob>1992-01-09</dob>
      <email>whowels5@nifty.com</email>
    </students>
    <students>
      <id>53fdbff9-b3c6-46f2-a993-5cccd3124948</id>
      <firstName>Virge</firstName>
      <lastName>Matuszkiewicz</lastName>
      <dob>1994-04-15</dob>
      <email>vmatuszkiewicz6@mtv.com</email>
    </students>
    <faculty>
      <id>c1858af3-7268-4f49-985c-b006933478b4</id>
      <firstName>Ambros</firstName>
      <lastName>Lanfear</lastName>
      <email>alanfear0@purevolume.com</email>
      <phoneNumber>109-935-7977</phoneNumber>
    </faculty>
    <faculty>
      <id>bd47712c-effe-4bcf-a4a5-c5fe3c0e1481</id>
      <firstName>Sileas</firstName>
      <lastName>Jagoe</lastName>
      <email>sjagoe1@wired.com</email>
      <phoneNumber>237-785-7924</phoneNumber>
    </faculty>
    <faculty>
      <id>d5d7afd0-079c-41e4-b201-79d904ea8c71</id>
      <firstName>Burl</firstName>
      <lastName>Killock</lastName>
      <email>bkillock2@prnewswire.com</email>
      <phoneNumber>660-602-9419</phoneNumber>
    </faculty>
  </row>
  <row>
    <name>Brigham Young University</name>
    <address>
      <street>05 Little Fleur Lane</street>
      <city>Inglewood</city>
      <region>California</region>
      <country>United States</country>
      <zipCode>90398</zipCode>
    </address>
    <courses>
      <id>aee8a66f-d44b-4a10-829a-df90b47a9643</id>
      <title>nascetur ridiculus mus</title>
      <description>Phasellus sit amet erat. Nulla tempus. Vivamus in felis eu sapien cursus vestibulum.</description>
    </courses>
    <courses>
      <id>c4e78878-1de4-48b7-9ca9-0ba5fe4522fc</id>
      <title>gravida nisi</title>
      <description>Maecenas tristique, est et tempus semper, est quam pharetra magna, ac consequat metus sapien ut nunc. Vestibulum ante ipsum primis in faucibus orci luctus et ultrices posuere cubilia Curae; Mauris viverra diam vitae quam. Suspendisse potenti.</description>
    </courses>
    <courses>
      <id>f5ebc302-6cad-4963-8421-832b5b8c987e</id>
      <title>auctor</title>
      <description>Quisque porta volutpat erat. Quisque erat eros, viverra eget, congue eget, semper rutrum, nulla. Nunc purus.</description>
    </courses>
    <courses>
      <id>bb7575c7-53a9-4e68-964a-21f68a5abd49</id>
      <title>libero rutrum ac</title>
      <description>Duis bibendum. Morbi non quam nec dui luctus rutrum. Nulla tellus.</description>
    </courses>
    <courses>
      <id>8c3c0adb-42b2-4899-aeb1-afc5cd4ed79b</id>
      <title>integer a nibh</title>
      <description>In congue. Etiam justo. Etiam pretium iaculis justo.</description>
    </courses>
    <students>
      <id>85716c87-dadd-4eb0-aef5-7bc8d413a819</id>
      <firstName>Carolyne</firstName>
      <lastName>Cheetam</lastName>
      <dob>1996-03-13</dob>
      <email>ccheetam0@cbslocal.com</email>
    </students>
    <students>
      <id>d528f283-0440-4b0d-8143-99f6411aa27f</id>
      <firstName>Salvidor</firstName>
      <lastName>Harbour</lastName>
      <dob>1997-06-04</dob>
      <email>sharbour1@oakley.com</email>
    </students>
    <students>
      <id>0dedb41d-f21d-4254-9745-cdae66f6f1a9</id>
      <firstName>Franchot</firstName>
      <lastName>Rampage</lastName>
      <dob>1995-08-25</dob>
      <email>frampage2@tripod.com</email>
    </students>
    <students>
      <id>c9f8f3b2-c377-4767-bed0-29648e44a375</id>
      <firstName>Cordy</firstName>
      <lastName>Piggins</lastName>
      <dob>1992-11-23</dob>
      <email>cpiggins3@opera.com</email>
    </students>
    <students>
      <id>60886365-e110-4f28-b325-578698033de8</id>
      <firstName>Shandee</firstName>
      <lastName>Benedetti</lastName>
      <dob>2001-07-13</dob>
      <email>sbenedetti4@blogs.com</email>
    </students>
    <students>
      <id>93df372e-9863-4dac-a016-dc9db2b441a1</id>
      <firstName>Gabby</firstName>
      <lastName>Akenhead</lastName>
      <dob>2000-11-14</dob>
      <email>gakenhead5@earthlink.net</email>
    </students>
    <students>
      <id>15a83a69-30c5-4691-a4d0-d295ef9b3949</id>
      <firstName>Adrian</firstName>
      <lastName>Bebbington</lastName>
      <dob>1994-12-31</dob>
      <email>abebbington6@i2i.jp</email>
    </students>
    <faculty>
      <id>48c17aec-4441-48d0-b203-dbc7f5f00e15</id>
      <firstName>Sly</firstName>
      <lastName>Abbie</lastName>
      <email>sabbie0@plala.or.jp</email>
      <phoneNumber>534-350-8345</phoneNumber>
    </faculty>
    <faculty>
      <id>344b33fb-aa8f-44be-88c2-b833bf8ae656</id>
      <firstName>Claribel</firstName>
      <lastName>McGarry</lastName>
      <email>cmcgarry1@irs.gov</email>
      <phoneNumber>540-206-0497</phoneNumber>
    </faculty>
    <faculty>
      <id>03087f90-2fc9-4e44-b114-78e6a6b7de56</id>
      <firstName>Myrtle</firstName>
      <lastName>Waddams</lastName>
      <email>mwaddams2@google.es</email>
      <phoneNumber>148-681-6272</phoneNumber>
    </faculty>
  </row>
  <row>
    <name>Malone College</name>
    <address>
      <street>65 Bay Trail</street>
      <city>Pilot Butte</city>
      <region>Saskatchewan</region>
      <country>Canada</country>
      <zipCode>N8M</zipCode>
    </address>
    <courses>
      <id>661eebef-de8e-457d-b5d7-45b033b32922</id>
      <title>ipsum</title>
      <description>Maecenas tristique, est et tempus semper, est quam pharetra magna, ac consequat metus sapien ut nunc. Vestibulum ante ipsum primis in faucibus orci luctus et ultrices posuere cubilia Curae; Mauris viverra diam vitae quam. Suspendisse potenti.</description>
    </courses>
    <courses>
      <id>0314a528-2577-44be-85da-91710b863441</id>
      <title>at velit vivamus</title>
      <description>Maecenas ut massa quis augue luctus tincidunt. Nulla mollis molestie lorem. Quisque ut erat.</description>
    </courses>
    <courses>
      <id>3ba81c9e-53c9-4927-bfea-f54692631b16</id>
      <title>ante</title>
      <description>Maecenas ut massa quis augue luctus tincidunt. Nulla mollis molestie lorem. Quisque ut erat.</description>
    </courses>
    <courses>
      <id>60a8b408-ece3-4660-bfa8-707e03a08df4</id>
      <title>nulla mollis molestie</title>
      <description>Duis bibendum. Morbi non quam nec dui luctus rutrum. Nulla tellus.</description>
    </courses>
    <courses>
      <id>bc5368ca-3ce6-4214-85a5-71645e33490b</id>
      <title>sed justo</title>
      <description>Praesent blandit. Nam nulla. Integer pede justo, lacinia eget, tincidunt eget, tempus vel, pede.</description>
    </courses>
    <students>
      <id>d50781e6-9ec1-494a-96b0-18b24667ece8</id>
      <firstName>Chery</firstName>
      <lastName>Izzard</lastName>
      <dob>1995-09-20</dob>
      <email>cizzard0@macromedia.com</email>
    </students>
    <students>
      <id>2a171009-9869-48f5-9c81-2af1274cc4ed</id>
      <firstName>Andromache</firstName>
      <lastName>Scane</lastName>
      <dob>1993-09-22</dob>
      <email>ascane1@delicious.com</email>
    </students>
    <students>
      <id>133a4e46-3f8d-483c-8795-952649858634</id>
      <firstName>Melinde</firstName>
      <lastName>Seabright</lastName>
      <dob>1997-03-29</dob>
      <email>mseabright2@ehow.com</email>
    </students>
    <students>
      <id>6251f1d5-c01a-421c-ad9b-1dbd4abd1b33</id>
      <firstName>Ilyssa</firstName>
      <lastName>Jentzsch</lastName>
      <dob>1997-01-17</dob>
      <email>ijentzsch3@hexun.com</email>
    </students>
    <students>
      <id>5c3faf23-739e-4f9e-bb79-6a3a725861d0</id>
      <firstName>Gwendolin</firstName>
      <lastName>Bruhnke</lastName>
      <dob>1991-07-13</dob>
      <email>gbruhnke4@craigslist.org</email>
    </students>
    <students>
      <id>05399bd5-ac87-4c7f-9b39-49f2b3c8c21b</id>
      <firstName>Sibilla</firstName>
      <lastName>Jakubovsky</lastName>
      <dob>1992-07-17</dob>
      <email>sjakubovsky5@fema.gov</email>
    </students>
    <students>
      <id>3508f24f-b613-458d-a26c-14fc55227fed</id>
      <firstName>Jayne</firstName>
      <lastName>Pettko</lastName>
      <dob>2001-11-01</dob>
      <email>jpettko6@topsy.com</email>
    </students>
    <faculty>
      <id>502ff099-9d7c-4d86-89ab-606572b83cae</id>
      <firstName>Finley</firstName>
      <lastName>Eastby</lastName>
      <email>feastby0@msu.edu</email>
      <phoneNumber>249-507-5318</phoneNumber>
    </faculty>
    <faculty>
      <id>4c1a5296-82e6-4b0e-bace-c64f5d2e774f</id>
      <firstName>Sonya</firstName>
      <lastName>Kemster</lastName>
      <email>skemster1@google.es</email>
      <phoneNumber>142-989-7537</phoneNumber>
    </faculty>
    <faculty>
      <id>6a8b1d3d-ba5e-42cb-9b19-274d006f52b4</id>
      <firstName>Sybila</firstName>
      <lastName>Margram</lastName>
      <email>smargram2@reference.com</email>
      <phoneNumber>500-930-4123</phoneNumber>
    </faculty>
  </row>
  <row>
    <name>Texas A&amp;M University - Corpus Christi</name>
    <address>
      <street>1 Bartillon Center</street>
      <city>Saint Louis</city>
      <region>Missouri</region>
      <country>United States</country>
      <zipCode>63143</zipCode>
    </address>
    <courses>
      <id>0c2d1170-3942-49d0-b864-28bd1bfd112c</id>
      <title>quam pede lobortis</title>
      <description>Proin leo odio, porttitor id, consequat in, consequat ut, nulla. Sed accumsan felis. Ut at dolor quis odio consequat varius.</description>
    </courses>
    <courses>
      <id>6da44b99-1ffb-4fea-82e2-8df3457e7e55</id>
      <title>nulla tempus</title>
      <description>Integer tincidunt ante vel ipsum. Praesent blandit lacinia erat. Vestibulum sed magna at nunc commodo placerat.</description>
    </courses>
    <courses>
      <id>9a81709c-87dc-475f-921d-7c0f51e04015</id>
      <title>mi</title>
      <description>Cras non velit nec nisi vulputate nonummy. Maecenas tincidunt lacus at velit. Vivamus vel nulla eget eros elementum pellentesque.</description>
    </courses>
    <courses>
      <id>470de264-8352-480a-abe7-9c03a9e017f1</id>
      <title>sapien in</title>
      <description>Aliquam quis turpis eget elit sodales scelerisque. Mauris sit amet eros. Suspendisse accumsan tortor quis turpis.</description>
    </courses>
    <courses>
      <id>10bb2d10-fc74-4eea-88ff-389cbf82252c</id>
      <title>accumsan odio</title>
      <description>In hac habitasse platea dictumst. Morbi vestibulum, velit id pretium iaculis, diam erat fermentum justo, nec condimentum neque sapien placerat ante. Nulla justo.</description>
    </courses>
    <students>
      <id>f959d9e2-a265-4d6e-9d85-21e22e1ac7ff</id>
      <firstName>Charis</firstName>
      <lastName>Dalrymple</lastName>
      <dob>1993-06-30</dob>
      <email>cdalrymple0@hostgator.com</email>
    </students>
    <students>
      <id>9455af09-3180-4909-8595-acbdcac8afc3</id>
      <firstName>Malissa</firstName>
      <lastName>Leaburn</lastName>
      <dob>1999-03-05</dob>
      <email>mleaburn1@salon.com</email>
    </students>
    <students>
      <id>c657578d-7ed3-44e9-b1a0-05b71fbb03f2</id>
      <firstName>Dulcia</firstName>
      <lastName>Colthurst</lastName>
      <dob>1997-05-01</dob>
      <email>dcolthurst2@uiuc.edu</email>
    </students>
    <students>
      <id>813ac7da-e589-44c3-aa2f-eaf508852ea4</id>
      <firstName>Natale</firstName>
      <lastName>Nightingale</lastName>
      <dob>1995-07-04</dob>
      <email>nnightingale3@scribd.com</email>
    </students>
    <students>
      <id>b781f6f4-28f3-4ed0-93b9-fe0ef4774afe</id>
      <firstName>Cammie</firstName>
      <lastName>Joyson</lastName>
      <dob>1995-02-24</dob>
      <email>cjoyson4@miitbeian.gov.cn</email>
    </students>
    <students>
      <id>b7876124-1355-4bf4-b4c9-351517fb4256</id>
      <firstName>Jacky</firstName>
      <lastName>Rushe</lastName>
      <dob>1994-08-24</dob>
      <email>jrushe5@cpanel.net</email>
    </students>
    <students>
      <id>355bc164-bd10-46f1-9ce6-ff6c4a8522c4</id>
      <firstName>Rabi</firstName>
      <lastName>Ferneyhough</lastName>
      <dob>1990-08-26</dob>
      <email>rferneyhough6@shop-pro.jp</email>
    </students>
    <faculty>
      <id>bfff1418-158f-418c-8a84-d5b71af58aa1</id>
      <firstName>Yorgos</firstName>
      <lastName>Gookey</lastName>
      <email>ygookey0@163.com</email>
      <phoneNumber>117-312-5734</phoneNumber>
    </faculty>
    <faculty>
      <id>82d665b3-eee4-4306-b09a-26d7ff7297c2</id>
      <firstName>Addie</firstName>
      <lastName>Woolfenden</lastName>
      <email>awoolfenden1@storify.com</email>
      <phoneNumber>210-681-3973</phoneNumber>
    </faculty>
    <faculty>
      <id>6c9ecfd5-6283-48cf-a7bf-6fe40e5fff53</id>
      <firstName>Gifford</firstName>
      <lastName>Knath</lastName>
      <email>gknath2@yahoo.com</email>
      <phoneNumber>110-551-4671</phoneNumber>
    </faculty>
  </row>
  <row>
    <name>Technical University of Denmark</name>
    <address>
      <street>057 Service Court</street>
      <city>Burnaby</city>
      <region>British Columbia</region>
      <country>Canada</country>
      <zipCode>V5M</zipCode>
    </address>
    <courses>
      <id>6da92815-6473-4884-8cf9-9e662c86871e</id>
      <title>congue etiam</title>
      <description>Praesent id massa id nisl venenatis lacinia. Aenean sit amet justo. Morbi ut odio.</description>
    </courses>
    <courses>
      <id>2ff87c98-c302-4988-8f1c-70fbb8b81f0d</id>
      <title>ultrices phasellus</title>
      <description>In hac habitasse platea dictumst. Morbi vestibulum, velit id pretium iaculis, diam erat fermentum justo, nec condimentum neque sapien placerat ante. Nulla justo.</description>
    </courses>
    <courses>
      <id>c917c6f8-7567-4e2d-9197-c72642f9a0ac</id>
      <title>sit amet nulla</title>
      <description>In hac habitasse platea dictumst. Morbi vestibulum, velit id pretium iaculis, diam erat fermentum justo, nec condimentum neque sapien placerat ante. Nulla justo.</description>
    </courses>
    <courses>
      <id>ec94afd7-a148-45cc-a886-d5416b611231</id>
      <title>orci nullam molestie</title>
      <description>Curabitur at ipsum ac tellus semper interdum. Mauris ullamcorper purus sit amet nulla. Quisque arcu libero, rutrum ac, lobortis vel, dapibus at, diam.</description>
    </courses>
    <courses>
      <id>b4219bbd-28f3-43f3-b4c2-3d52ccf2347f</id>
      <title>et ultrices</title>
      <description>Donec diam neque, vestibulum eget, vulputate ut, ultrices vel, augue. Vestibulum ante ipsum primis in faucibus orci luctus et ultrices posuere cubilia Curae; Donec pharetra, magna vestibulum aliquet ultrices, erat tortor sollicitudin mi, sit amet lobortis sapien sapien non mi. Integer ac neque.</description>
    </courses>
    <students>
      <id>25f9f483-a826-4675-8cf3-7cf32dcc24a9</id>
      <firstName>Maridel</firstName>
      <lastName>Burthom</lastName>
      <dob>1992-06-30</dob>
      <email>mburthom0@mapquest.com</email>
    </students>
    <students>
      <id>60d9f57d-1006-49be-96c8-8d1d4b266a8a</id>
      <firstName>Robbi</firstName>
      <lastName>Guidoni</lastName>
      <dob>2001-08-12</dob>
      <email>rguidoni1@cloudflare.com</email>
    </students>
    <students>
      <id>dd3bf1dc-6356-404e-b969-dd116d652275</id>
      <firstName>Ingunna</firstName>
      <lastName>Howe</lastName>
      <dob>1995-12-15</dob>
      <email>ihowe2@angelfire.com</email>
    </students>
    <students>
      <id>702eda2f-5c79-4e3d-8fca-fe62aa16ccac</id>
      <firstName>Callean</firstName>
      <lastName>Towson</lastName>
      <dob>1992-10-16</dob>
      <email>ctowson3@mlb.com</email>
    </students>
    <students>
      <id>8a469b4a-ebe5-439c-84b6-b746cbc218d5</id>
      <firstName>Weider</firstName>
      <lastName>Lingfoot</lastName>
      <dob>2001-05-16</dob>
      <email>wlingfoot4@over-blog.com</email>
    </students>
    <students>
      <id>4fd0b368-41a5-42ca-8b91-26076293b391</id>
      <firstName>Bartholomew</firstName>
      <lastName>Philpot</lastName>
      <dob>1993-07-19</dob>
      <email>bphilpot5@taobao.com</email>
    </students>
    <students>
      <id>8d168f80-b3e9-4b27-aece-1e2f0cd14c95</id>
      <firstName>Garrot</firstName>
      <lastName>Cucuzza</lastName>
      <dob>1994-08-17</dob>
      <email>gcucuzza6@usa.gov</email>
    </students>
    <faculty>
      <id>745786ed-9655-46c8-953c-936a4fbe2ad8</id>
      <firstName>Rina</firstName>
      <lastName>Sherland</lastName>
      <email>rsherland0@mozilla.com</email>
      <phoneNumber>345-974-9507</phoneNumber>
    </faculty>
    <faculty>
      <id>5fd98f09-c2f3-4d68-baa1-47cca989b0af</id>
      <firstName>Kayne</firstName>
      <lastName>Opie</lastName>
      <email>kopie1@typepad.com</email>
      <phoneNumber>403-801-1977</phoneNumber>
    </faculty>
    <faculty>
      <id>62f22ded-879b-4765-85a8-4d85bc21c298</id>
      <firstName>Wally</firstName>
      <lastName>McCarter</lastName>
      <email>wmccarter2@amazonaws.com</email>
      <phoneNumber>142-423-5971</phoneNumber>
    </faculty>
  </row>
  <row>
    <name>Chhatrapati Shahu Ji Maharaj University</name>
    <address>
      <street>5 Cambridge Terrace</street>
      <city>Louisville</city>
      <region>Kentucky</region>
      <country>United States</country>
      <zipCode>40287</zipCode>
    </address>
    <courses>
      <id>7b9ac9a5-9318-4aaa-ad54-db09637493df</id>
      <title>aliquet at feugiat</title>
      <description>Nullam porttitor lacus at turpis. Donec posuere metus vitae ipsum. Aliquam non mauris.</description>
    </courses>
    <courses>
      <id>d9df6bf3-955a-4ce0-9182-9703814f51d9</id>
      <title>nulla ac enim</title>
      <description>Fusce consequat. Nulla nisl. Nunc nisl.</description>
    </courses>
    <courses>
      <id>5d2c32b7-9c8a-4230-a9af-acbe5eb39c2b</id>
      <title>orci</title>
      <description>Cras non velit nec nisi vulputate nonummy. Maecenas tincidunt lacus at velit. Vivamus vel nulla eget eros elementum pellentesque.</description>
    </courses>
    <courses>
      <id>f40c253c-ac74-4bae-bbbb-9717455d2537</id>
      <title>in</title>
      <description>Cum sociis natoque penatibus et magnis dis parturient montes, nascetur ridiculus mus. Vivamus vestibulum sagittis sapien. Cum sociis natoque penatibus et magnis dis parturient montes, nascetur ridiculus mus.</description>
    </courses>
    <courses>
      <id>14912024-af24-4c81-86f9-f27dd47fe1cd</id>
      <title>vestibulum sit amet</title>
      <description>Duis bibendum. Morbi non quam nec dui luctus rutrum. Nulla tellus.</description>
    </courses>
    <students>
      <id>505766bf-2146-4c6c-a225-6f421fc27636</id>
      <firstName>Woodrow</firstName>
      <lastName>Tayloe</lastName>
      <dob>2001-01-25</dob>
      <email>wtayloe0@google.com.hk</email>
    </students>
    <students>
      <id>ce846c3d-c5de-4a9d-b951-48f34234d075</id>
      <firstName>Irita</firstName>
      <lastName>Preon</lastName>
      <dob>1990-02-21</dob>
      <email>ipreon1@blogtalkradio.com</email>
    </students>
    <students>
      <id>54df9f11-a3ae-42ea-a9d0-6831eca5e604</id>
      <firstName>Edouard</firstName>
      <lastName>Barthot</lastName>
      <dob>1994-11-22</dob>
      <email>ebarthot2@china.com.cn</email>
    </students>
    <students>
      <id>c8c52ac1-24bb-4832-bf63-83423ca29372</id>
      <firstName>Mirabella</firstName>
      <lastName>MacDuff</lastName>
      <dob>1998-12-21</dob>
      <email>mmacduff3@latimes.com</email>
    </students>
    <students>
      <id>b82248f5-c37c-4d94-9fb7-474c2c4e4afb</id>
      <firstName>Edvard</firstName>
      <lastName>Bebbell</lastName>
      <dob>2000-04-15</dob>
      <email>ebebbell4@arizona.edu</email>
    </students>
    <students>
      <id>efadce43-fc46-4166-ab6c-b1a73529de34</id>
      <firstName>Niko</firstName>
      <lastName>Ousbie</lastName>
      <dob>1993-10-16</dob>
      <email>nousbie5@cloudflare.com</email>
    </students>
    <students>
      <id>914ebd3d-2a22-4bfb-ae0c-c76055359816</id>
      <firstName>Purcell</firstName>
      <lastName>Lundbeck</lastName>
      <dob>1990-08-10</dob>
      <email>plundbeck6@fema.gov</email>
    </students>
    <faculty>
      <id>6be4ad34-9202-472d-9fe1-a83874c51d04</id>
      <firstName>Duncan</firstName>
      <lastName>Simoncini</lastName>
      <email>dsimoncini0@time.com</email>
      <phoneNumber>788-895-1904</phoneNumber>
    </faculty>
    <faculty>
      <id>696c408c-26a5-4ef2-8a47-c012fb962890</id>
      <firstName>Lorne</firstName>
      <lastName>Lauridsen</lastName>
      <email>llauridsen1@rediff.com</email>
      <phoneNumber>657-378-5300</phoneNumber>
    </faculty>
    <faculty>
      <id>2bc46809-718a-408a-905c-97bdf0fc858a</id>
      <firstName>Amalie</firstName>
      <lastName>Bernini</lastName>
      <email>abernini2@studiopress.com</email>
      <phoneNumber>721-828-0165</phoneNumber>
    </faculty>
  </row>
</root>